{
  "id": 44256816,
  "name": "1st Movement Solo",
  "is_illegal": false,
  "is_custom": false,
  "text": "If you control no monsters: Special Summon 1 Level 4 or lower \"Melodious\" monster from your hand or Deck. You can only activate 1 \"1st Movement Solo\" per turn. You cannot Special Summon monsters during the turn you activate this card, except \"Melodious\" monsters.",
  "images": [
    "https://storage.googleapis.com/ygoprodeck.com/pics/44256816.jpg"
  ],
  "type": "Spell",
  "spell_type": "Normal"
}