{
  "id": 52240819,
  "name": "Abyss Actor - Evil Heel",
  "is_illegal": false,
  "is_custom": false,
  "text": "If this card is Normal or Special Summoned: You can target 1 face-up monster your opponent controls; it loses 1000 ATK for each \"Abyss Actor\" monster you currently control, until the end of this turn. When this card destroys an opponent\u0027s monster by battle: You can target 1 \"Abyss Script\" Spell Card in your Graveyard; Set that card.",
  "images": [
    "https://storage.googleapis.com/ygoprodeck.com/pics/52240819.jpg"
  ],
  "type": "Monster",
  "attribute": "DARK",
  "atk": 3000,
  "species": "Fiend",
  "monster_type": "",
  "is_pendulum": true,
  "ability": "",
  "has_effect": true,
  "def": 2000,
  "level": 8,
  "is_tuner": false,
  "pendulum_text": "Once per turn: You can Tribute 1 \"Abyss Actor\" monster, then target 1 face-up monster your opponent controls; it loses ATK equal to the original ATK of the Tributed monster, until the end of this turn (even if this card leaves the field).\n",
  "pendulum_scale_left_blue": 1,
  "pendulum_scale_right_red": 1
}