{
  "id": 21051977,
  "name": "Acorno",
  "is_illegal": false,
  "is_custom": false,
  "text": "During your Main Phase: You can send 1 \"Pinecono\" from your hand to the Graveyard, and Special Summon this card from the hand.",
  "images": [
    "https://storage.googleapis.com/ygoprodeck.com/pics/21051977.jpg"
  ],
  "type": "Monster",
  "attribute": "EARTH",
  "atk": 200,
  "species": "Plant",
  "monster_type": "",
  "is_pendulum": false,
  "ability": "",
  "has_effect": true,
  "def": 400,
  "level": 1,
  "is_tuner": false
}