{
  "id": 10286023,
  "name": "Adamancipator Crystal - Dragite",
  "is_illegal": false,
  "is_custom": false,
  "text": "If this card is Special Summoned by the effect of an \"Adamancipator\" card: You can draw 1 card. If this card is in your GY: You can target 1 WATER Synchro Monster you control or in your GY; return it to the Extra Deck, and if you do, place this card on top of the Deck. You can only use each effect of \"Adamancipator Crystal - Dragite\" once per turn.",
  "images": [
    "https://storage.googleapis.com/ygoprodeck.com/pics/10286023.jpg"
  ],
  "type": "Monster",
  "attribute": "WATER",
  "atk": 0,
  "species": "Rock",
  "monster_type": "",
  "is_pendulum": false,
  "ability": "",
  "has_effect": true,
  "def": 2200,
  "level": 4,
  "is_tuner": false
}