{
  "id": 94119480,
  "name": "Adreus, Keeper of Armageddon",
  "is_illegal": false,
  "is_custom": false,
  "text": "2 Level 5 monsters\nOnce per turn: You can detach 1 Xyz Material from this card to target 1 face-up card your opponent controls; destroy it.",
  "images": [
    "https://storage.googleapis.com/ygoprodeck.com/pics/94119480.jpg"
  ],
  "type": "Monster",
  "attribute": "DARK",
  "atk": 2600,
  "species": "Fiend",
  "monster_type": "Xyz",
  "is_pendulum": false,
  "ability": "",
  "has_effect": true,
  "def": 1700,
  "rank": 5
}