{
  "id": 43575579,
  "name": "Afterglow",
  "is_illegal": false,
  "is_custom": false,
  "text": "Banish this card, and as many \"Afterglow\" as possible from your hand, Deck, GY, and face-up field, then shuffle 1 of your banished \"Afterglow\" into the Deck. During your next Draw Phase, show the card you draw for your normal draw, and if it is \"Afterglow\", inflict 4000 damage to your opponent. You can only activate 1 \"Afterglow\" per Duel.",
  "images": [
    "https://storage.googleapis.com/ygoprodeck.com/pics/43575579.jpg"
  ],
  "type": "Spell",
  "spell_type": "Normal"
}