{
  "id": 98864751,
  "name": "Air Cracking Storm",
  "is_illegal": false,
  "is_custom": false,
  "text": "Equip only to a Machine monster. When that attacking monster destroys your opponent\u0027s monster by battle: You can activate this effect; it can make a second attack during this Battle Phase. Your other monsters cannot attack the turn you activate this effect.",
  "images": [
    "https://storage.googleapis.com/ygoprodeck.com/pics/98864751.jpg"
  ],
  "type": "Spell",
  "spell_type": "Equip"
}