{
  "id": 17573739,
  "name": "Alector, Sovereign of Birds",
  "is_illegal": false,
  "is_custom": false,
  "text": "If your opponent controls 2 or more face-up monsters of the same Attribute, you can Special Summon this card (from your hand). Once per turn: You can target 1 face-up card on the field; that target\u0027s effects are negated during this turn. There can only be 1 face-up \"Alector, Sovereign of Birds\" on the field.",
  "images": [
    "https://storage.googleapis.com/ygoprodeck.com/pics/17573739.jpg"
  ],
  "type": "Monster",
  "attribute": "WIND",
  "atk": 2400,
  "species": "Winged Beast",
  "monster_type": "",
  "is_pendulum": false,
  "ability": "",
  "has_effect": true,
  "def": 2000,
  "level": 6,
  "is_tuner": false
}