{
  "id": 45033006,
  "name": "Ally of Justice Enemy Catcher",
  "is_illegal": false,
  "is_custom": false,
  "text": "When this card is Normal Summoned, you can take control of 1 face-down Defense Position monster your opponent controls, until the End Phase of this turn.",
  "images": [
    "https://storage.googleapis.com/ygoprodeck.com/pics/45033006.jpg"
  ],
  "type": "Monster",
  "attribute": "DARK",
  "atk": 1800,
  "species": "Machine",
  "monster_type": "",
  "is_pendulum": false,
  "ability": "",
  "has_effect": true,
  "def": 1800,
  "level": 6,
  "is_tuner": false
}