{
  "id": 26593852,
  "name": "Ally of Justice Catastor",
  "is_illegal": false,
  "is_custom": false,
  "text": "1 Tuner + 1+ non-Tuner monsters\nAt the start of the Damage Step, if this card battles a face-up non-DARK monster: Destroy that monster.",
  "images": [
    "https://storage.googleapis.com/ygoprodeck.com/pics/26593852.jpg"
  ],
  "type": "Monster",
  "attribute": "DARK",
  "atk": 2200,
  "species": "Machine",
  "monster_type": "Synchro",
  "is_pendulum": false,
  "ability": "",
  "has_effect": true,
  "def": 1200,
  "level": 5,
  "is_tuner": false
}