{
  "id": 3648368,
  "name": "Ally of Justice Searcher",
  "is_illegal": false,
  "is_custom": false,
  "text": "Once per turn, you can discard 1 card to select 1 face-down Defense Position monster your opponent controls and change it to face-up Attack Position. Flip Effects are not activated at this time.",
  "images": [
    "https://storage.googleapis.com/ygoprodeck.com/pics/3648368.jpg"
  ],
  "type": "Monster",
  "attribute": "DARK",
  "atk": 1400,
  "species": "Machine",
  "monster_type": "",
  "is_pendulum": false,
  "ability": "",
  "has_effect": true,
  "def": 100,
  "level": 3,
  "is_tuner": false
}