{
  "id": 89386122,
  "name": "Ally of Justice Clausolas",
  "is_illegal": false,
  "is_custom": false,
  "text": "A mighty monster in Mist Valley, and the ultimate weapon designed from Claiomh Solais. Its surprise attacks from above baffle invaders.",
  "images": [
    "https://storage.googleapis.com/ygoprodeck.com/pics/89386122.jpg"
  ],
  "type": "Monster",
  "attribute": "DARK",
  "atk": 2300,
  "species": "Machine",
  "monster_type": "",
  "is_pendulum": false,
  "ability": "",
  "has_effect": false,
  "def": 1200,
  "level": 6,
  "is_tuner": false
}