{
  "id": 55982698,
  "name": "Ally of Justice Reverse Break",
  "is_illegal": false,
  "is_custom": false,
  "text": "If a face-up LIGHT monster is on the field, destroy this card. If this card attacks a face-down Defense Position monster, destroy that monster immediately with this card\u0027s effect without flipping it face-up or applying damage calculation.",
  "images": [
    "https://storage.googleapis.com/ygoprodeck.com/pics/55982698.jpg"
  ],
  "type": "Monster",
  "attribute": "DARK",
  "atk": 1200,
  "species": "Machine",
  "monster_type": "",
  "is_pendulum": false,
  "ability": "",
  "has_effect": true,
  "def": 1200,
  "level": 4,
  "is_tuner": false
}