{
  "id": 42023223,
  "name": "Alpha The Electromagnet Warrior",
  "is_illegal": false,
  "is_custom": false,
  "text": "If this card is Normal or Special Summoned: You can add 1 Level 8 \"Magna Warrior\" monster from your Deck to your hand. You can only use this effect of \"Alpha The Electromagnet Warrior\" once per turn. During your opponent\u0027s turn: You can Tribute this card; Special Summon 1 Level 4 \"Magnet Warrior\" monster from your Deck (this is a Quick Effect).",
  "images": [
    "https://storage.googleapis.com/ygoprodeck.com/pics/42023223.jpg"
  ],
  "type": "Monster",
  "attribute": "EARTH",
  "atk": 1700,
  "species": "Rock",
  "monster_type": "",
  "is_pendulum": false,
  "ability": "",
  "has_effect": true,
  "def": 1100,
  "level": 3,
  "is_tuner": false
}