{
  "id": 57769391,
  "name": "Altergeist Pixiel",
  "is_illegal": false,
  "is_custom": false,
  "text": "You can Tribute this card; excavate the top 3 cards of your Deck, add 1 excavated \"Altergeist\" card to your hand, also send the rest to the GY. You can only use this effect of \"Altergeist Pixiel\" once per turn.",
  "images": [
    "https://storage.googleapis.com/ygoprodeck.com/pics/57769391.jpg"
  ],
  "type": "Monster",
  "attribute": "WIND",
  "atk": 100,
  "species": "Spellcaster",
  "monster_type": "",
  "is_pendulum": false,
  "ability": "",
  "has_effect": true,
  "def": 100,
  "level": 1,
  "is_tuner": false
}