{
  "id": 23790299,
  "name": "Altergeist Memorygant",
  "is_illegal": false,
  "is_custom": false,
  "text": "2+ \"Altergeist\" monsters\nDuring the Battle Phase (Quick Effect): You can Tribute 1 other monster; this card gains ATK equal to the ATK the Tributed monster had on the field. When this card destroys a monster by battle: You can destroy 1 monster your opponent controls, and if you do, this card can make a second attack in a row. If this card would be destroyed, you can banish 1 monster from your GY instead. You can only use each effect of \"Altergeist Memorygant\" once per turn.",
  "images": [
    "https://storage.googleapis.com/ygoprodeck.com/pics/23790299.jpg"
  ],
  "type": "Monster",
  "attribute": "DARK",
  "atk": 2800,
  "species": "Spellcaster",
  "monster_type": "Link",
  "is_pendulum": false,
  "ability": "",
  "has_effect": true,
  "link_rating": 4,
  "link_arrows": 216
}