{
  "id": 32181268,
  "name": "Amano-Iwato",
  "is_illegal": false,
  "is_custom": false,
  "text": "Cannot be Special Summoned. Monsters cannot activate their effects, except Spirit monsters. Once per turn, during the End Phase, if this card was Normal Summoned or flipped face-up this turn: Return this card to the hand.",
  "images": [
    "https://storage.googleapis.com/ygoprodeck.com/pics/32181268.jpg"
  ],
  "type": "Monster",
  "attribute": "EARTH",
  "atk": 1900,
  "species": "Rock",
  "monster_type": "",
  "is_pendulum": false,
  "ability": "Spirit",
  "has_effect": false,
  "def": 1200,
  "level": 4,
  "is_tuner": false
}