{
  "id": 18988391,
  "name": "Amarylease",
  "is_illegal": false,
  "is_custom": false,
  "text": "During your Main Phase: You can banish this card from your Graveyard; you can Normal Summon 1 monster this turn for 1 less Tribute. You can only use the effect of \"Amarylease\" once per turn.",
  "images": [
    "https://storage.googleapis.com/ygoprodeck.com/pics/18988391.jpg"
  ],
  "type": "Monster",
  "attribute": "EARTH",
  "atk": 100,
  "species": "Plant",
  "monster_type": "",
  "is_pendulum": false,
  "ability": "",
  "has_effect": true,
  "def": 200,
  "level": 1,
  "is_tuner": false
}