{
  "id": 4591250,
  "name": "Amazoness Empress",
  "is_illegal": false,
  "is_custom": false,
  "text": "\"Amazoness Queen\" + 1 \"Amazoness\" monster\nOther \"Amazoness\" cards you control cannot be destroyed by battle or card effects. If your \"Amazoness\" monster attacks a Defense Position monster, inflict piercing battle damage to your opponent. If this face-up Fusion Summoned card is destroyed by battle, or leaves the field because of an opponent\u0027s card effect while its owner controls it: You can Special Summon 1 \"Amazoness Queen\" from your hand, Deck, or GY.",
  "images": [
    "https://storage.googleapis.com/ygoprodeck.com/pics/4591250.jpg"
  ],
  "type": "Monster",
  "attribute": "EARTH",
  "atk": 2800,
  "species": "Warrior",
  "monster_type": "Fusion",
  "is_pendulum": false,
  "ability": "",
  "has_effect": true,
  "def": 2400,
  "level": 8,
  "is_tuner": false
}