{
  "id": 94004268,
  "name": "Amazoness Swords Woman",
  "is_illegal": false,
  "is_custom": false,
  "text": "Your opponent takes any battle damage you would have taken from battles involving this card instead.",
  "images": [
    "https://storage.googleapis.com/ygoprodeck.com/pics/94004268.jpg"
  ],
  "type": "Monster",
  "attribute": "EARTH",
  "atk": 1500,
  "species": "Warrior",
  "monster_type": "",
  "is_pendulum": false,
  "ability": "",
  "has_effect": true,
  "def": 1600,
  "level": 4,
  "is_tuner": false
}