{
  "id": 57312333,
  "name": "Amazoness Call",
  "is_illegal": false,
  "is_custom": false,
  "text": "Take 1 \"Amazoness\" card from your Deck, except \"Amazoness Call\", and either add it to your hand or send it to the GY. During your Main Phase: You can banish this card from your GY, then target 1 \"Amazoness\" monster you control; this turn, that monster can attack all monsters your opponent controls, once each, also other monsters you control cannot attack. You can only activate 1 \"Amazoness Call\" per turn.",
  "images": [
    "https://storage.googleapis.com/ygoprodeck.com/pics/57312333.jpg"
  ],
  "type": "Spell",
  "spell_type": "Quick-Play"
}