{
  "id": 17968114,
  "name": "Amazon of the Seas",
  "is_illegal": false,
  "is_custom": false,
  "text": "A mermaid who serves as a herald to the Ocean Lord. She protects the sacred domain of Atlantis.",
  "images": [
    "https://storage.googleapis.com/ygoprodeck.com/pics/17968114.jpg"
  ],
  "type": "Monster",
  "attribute": "WATER",
  "atk": 1300,
  "species": "Fish",
  "monster_type": "",
  "is_pendulum": false,
  "ability": "",
  "has_effect": false,
  "def": 1400,
  "level": 4,
  "is_tuner": false
}