{
  "id": 40213117,
  "name": "Amores of Prophecy",
  "is_illegal": false,
  "is_custom": false,
  "text": "Once per turn: You can reveal 1 \"Spellbook\" Spell Card in your hand; Special Summon 1 Level 4 or lower Spellcaster-Type monster from your hand.",
  "images": [
    "https://storage.googleapis.com/ygoprodeck.com/pics/40213117.jpg"
  ],
  "type": "Monster",
  "attribute": "EARTH",
  "atk": 600,
  "species": "Spellcaster",
  "monster_type": "",
  "is_pendulum": false,
  "ability": "",
  "has_effect": true,
  "def": 2000,
  "level": 3,
  "is_tuner": false
}