{
  "id": 4810585,
  "name": "Ancient Warriors Saga - Defense of Changban",
  "is_illegal": false,
  "is_custom": false,
  "text": "If your \"Ancient Warriors\" monster battles, your opponent cannot activate any Spell/Trap Cards until the end of the Damage Step. You can only use 1 of the following effects of \"Ancient Warriors Saga - Defense of Changban\" per turn, and only once that turn.\n? At the start of your opponent\u0027s Battle Phase: You can send this face-up card from your Spell \u0026 Trap Zone to the GY; monsters your opponent controls cannot target \"Ancient Warriors\" monsters for attacks this turn.\n? When an opponent\u0027s monster declares an attack: You can banish this card from your GY; Special Summon 1 \"Ancient Warriors\" monster from your Deck.",
  "images": [
    "https://storage.googleapis.com/ygoprodeck.com/pics/4810585.jpg"
  ],
  "type": "Trap",
  "trap_type": "Continuous"
}