{
  "id": 60033398,
  "name": "Ancient Warriors - Fearsome Zhang Yuan",
  "is_illegal": false,
  "is_custom": false,
  "text": "All other \"Ancient Warriors\" monsters you control cannot be destroyed by battle. You can only use each of the following effects of \"Ancient Warriors - Fearsome Zhang Yuan\" once per turn.\n? At the start of the Damage Step, when your \"Ancient Warriors\" monster battles an opponent\u0027s face-up monster: You can Special Summon this card from your hand, and if you do, that opponent\u0027s monster loses 1000 ATK.\n? If a card(s) your opponent controls is destroyed by battle or card effect: You can target 1 card your opponent controls; destroy it.",
  "images": [
    "https://storage.googleapis.com/ygoprodeck.com/pics/60033398.jpg"
  ],
  "type": "Monster",
  "attribute": "FIRE",
  "atk": 2300,
  "species": "Beast-Warrior",
  "monster_type": "",
  "is_pendulum": false,
  "ability": "",
  "has_effect": true,
  "def": 2000,
  "level": 6,
  "is_tuner": false
}