{
  "id": 17663375,
  "name": "Ancient Gear Wyvern",
  "is_illegal": false,
  "is_custom": false,
  "text": "If this card is Normal or Special Summoned: You can add 1 \"Ancient Gear\" card from your Deck to your hand, except \"Ancient Gear Wyvern\", also you cannot Set cards for the rest of this turn. You can only use this effect of \"Ancient Gear Wyvern\" once per turn. If this card attacks, your opponent\u0027s monsters cannot activate their effects until the end of the Damage Step.",
  "images": [
    "https://storage.googleapis.com/ygoprodeck.com/pics/17663375.jpg"
  ],
  "type": "Monster",
  "attribute": "EARTH",
  "atk": 1700,
  "species": "Machine",
  "monster_type": "",
  "is_pendulum": false,
  "ability": "",
  "has_effect": true,
  "def": 1200,
  "level": 4,
  "is_tuner": false
}