{
  "id": 60953949,
  "name": "Ancient Gear Box",
  "is_illegal": false,
  "is_custom": false,
  "text": "If this card is added from the Deck or Graveyard to your hand, except by drawing it: You can add 1 EARTH Machine-Type monster with 500 ATK and/or DEF from your Deck to your hand, except \"Ancient Gear Box\". You can only use this effect of \"Ancient Gear Box\" once per turn.",
  "images": [
    "https://storage.googleapis.com/ygoprodeck.com/pics/60953949.jpg"
  ],
  "type": "Monster",
  "attribute": "EARTH",
  "atk": 500,
  "species": "Machine",
  "monster_type": "",
  "is_pendulum": false,
  "ability": "",
  "has_effect": true,
  "def": 2000,
  "level": 4,
  "is_tuner": false
}