{
  "id": 595626,
  "name": "Ankuriboh",
  "is_illegal": false,
  "is_custom": false,
  "text": "When an opponent\u0027s monster declares an attack: You can discard this card, then target 1 monster in either GY, except this card; Special Summon it to your field, but send it to the GY during the End Phase. If this card is destroyed by battle or card effect and sent to the GY: You can add 1 \"Monster Reborn\" from your Deck or GY to your hand during the End Phase of this turn. You can only use each effect of \"Ankuriboh\" once per turn.",
  "images": [
    "https://storage.googleapis.com/ygoprodeck.com/pics/595626.jpg"
  ],
  "type": "Monster",
  "attribute": "DARK",
  "atk": 300,
  "species": "Fiend",
  "monster_type": "",
  "is_pendulum": false,
  "ability": "",
  "has_effect": true,
  "def": 200,
  "level": 1,
  "is_tuner": false
}