{
  "id": 89904598,
  "name": "Anthrosaurus",
  "is_illegal": false,
  "is_custom": false,
  "text": "Dis man-like dinosawz gotta high I.Q., even tho he\u0027s lackin\u0027 in da strength depawtment. (Kinda like yooz, if ya had a high I.Q.! Nyaah!)",
  "images": [
    "https://storage.googleapis.com/ygoprodeck.com/pics/89904598.jpg"
  ],
  "type": "Monster",
  "attribute": "EARTH",
  "atk": 1000,
  "species": "Dinosaur",
  "monster_type": "",
  "is_pendulum": false,
  "ability": "",
  "has_effect": false,
  "def": 850,
  "level": 3,
  "is_tuner": false
}