{
  "id": 41098335,
  "name": "Ape Fighter",
  "is_illegal": false,
  "is_custom": false,
  "text": "If this card destroys an opponent\u0027s monster by battle: This card gains 300 ATK. If this card does not attack during your turn, the ATK gained from this effect returns to 0 during the End Phase of that turn.",
  "images": [
    "https://storage.googleapis.com/ygoprodeck.com/pics/41098335.jpg"
  ],
  "type": "Monster",
  "attribute": "DARK",
  "atk": 1900,
  "species": "Beast",
  "monster_type": "",
  "is_pendulum": false,
  "ability": "",
  "has_effect": true,
  "def": 1200,
  "level": 4,
  "is_tuner": false
}