{
  "id": 4280258,
  "name": "Apollousa, Bow of the Goddess",
  "is_illegal": false,
  "is_custom": false,
  "text": "2+ monsters with different names, except Tokens\nYou can only control 1 \"Apollousa, Bow of the Goddess\". The original ATK of this card becomes 800 x the number of Link Materials used for its Link Summon. Once per Chain, when your opponent activates a monster effect (Quick Effect): You can make this card lose exactly 800 ATK, and if you do, negate the activation.",
  "images": [
    "https://storage.googleapis.com/ygoprodeck.com/pics/4280258.jpg"
  ],
  "type": "Monster",
  "attribute": "WIND",
  "atk": 0,
  "species": "Fairy",
  "monster_type": "Link",
  "is_pendulum": false,
  "ability": "",
  "has_effect": true,
  "link_rating": 4,
  "link_arrows": 114
}