{
  "id": 3507053,
  "name": "Appliancer Dryer Drake",
  "is_illegal": false,
  "is_custom": false,
  "text": "1 \"Appliancer\" monster\nCannot be used as Link Material the turn it is Link Summoned. This linked card gains 1000 ATK. Once per turn, during your Battle Phase, if this card is co-linked (except during the Damage Step): You can switch the locations of 2 \"Appliancer\" monsters in your Main Monster Zones, including this card, and if you do, the other monster can make a second attack during each Battle Phase this turn. Once per turn, when this card that is not co-linked is targeted for an attack: You can negate that attack.",
  "images": [
    "https://storage.googleapis.com/ygoprodeck.com/pics/3507053.jpg"
  ],
  "type": "Monster",
  "attribute": "FIRE",
  "atk": 0,
  "species": "Machine",
  "monster_type": "Link",
  "is_pendulum": false,
  "ability": "",
  "has_effect": true,
  "link_rating": 1,
  "link_arrows": 4
}