{
  "id": 12436646,
  "name": "Aqua Snake",
  "is_illegal": false,
  "is_custom": false,
  "text": "This monster hypnotizes an opponent with the ball on its tail and draws them to a watery doom.",
  "images": [
    "https://storage.googleapis.com/ygoprodeck.com/pics/12436646.jpg"
  ],
  "type": "Monster",
  "attribute": "WATER",
  "atk": 1050,
  "species": "Aqua",
  "monster_type": "",
  "is_pendulum": false,
  "ability": "",
  "has_effect": false,
  "def": 900,
  "level": 3,
  "is_tuner": false
}