{
  "id": 85639257,
  "name": "Aqua Madoor",
  "is_illegal": false,
  "is_custom": false,
  "text": "A wizard of the waters that conjures a liquid wall to crush any enemies that oppose him.",
  "images": [
    "https://storage.googleapis.com/ygoprodeck.com/pics/85639257.jpg"
  ],
  "type": "Monster",
  "attribute": "WATER",
  "atk": 1200,
  "species": "Spellcaster",
  "monster_type": "",
  "is_pendulum": false,
  "ability": "",
  "has_effect": false,
  "def": 2000,
  "level": 4,
  "is_tuner": false
}