{
  "id": 65446452,
  "name": "Aquarium Set",
  "is_illegal": false,
  "is_custom": false,
  "text": "All WATER monsters you control gain 300 ATK and DEF. All \"Aquaactress\" monsters you control gain 300 ATK and DEF. If this card is sent from the field to the Graveyard: You can target 1 Aqua-Type monster in your Graveyard; Special Summon it, also you cannot Special Summon monsters for the rest of this turn, except Aqua-Type monsters.",
  "images": [
    "https://storage.googleapis.com/ygoprodeck.com/pics/65446452.jpg"
  ],
  "type": "Spell",
  "spell_type": "Continuous"
}