{
  "id": 22377815,
  "name": "Aquarian Alessa",
  "is_illegal": false,
  "is_custom": false,
  "text": "This card is treated as a Normal Monster while face-up on the field or in the Graveyard. While this card is face-up on the field, you can Normal Summon it to have it be treated as an Effect Monster with this effect:\n? When this card destroys an opponent\u0027s monster by battle and sends it to the Graveyard, they discard 1 random card.",
  "images": [
    "https://storage.googleapis.com/ygoprodeck.com/pics/22377815.jpg"
  ],
  "type": "Monster",
  "attribute": "WATER",
  "atk": 1500,
  "species": "Aqua",
  "monster_type": "",
  "is_pendulum": false,
  "ability": "Gemini",
  "has_effect": true,
  "def": 500,
  "level": 4,
  "is_tuner": false
}