{
  "id": 16889337,
  "name": "Aratama",
  "is_illegal": false,
  "is_custom": false,
  "text": "Cannot be Special Summoned. During the End Phase of the turn this card is Normal Summoned or flipped face-up: Return it to the hand. When this card is Normal Summoned or flipped face-up: You can add 1 Spirit monster from your Deck to your hand, except \"Aratama\".",
  "images": [
    "https://storage.googleapis.com/ygoprodeck.com/pics/16889337.jpg"
  ],
  "type": "Monster",
  "attribute": "DARK",
  "atk": 800,
  "species": "Fiend",
  "monster_type": "",
  "is_pendulum": false,
  "ability": "Spirit",
  "has_effect": false,
  "def": 1800,
  "level": 4,
  "is_tuner": false
}