{
  "id": 40048324,
  "name": "Arcane Apprentice",
  "is_illegal": false,
  "is_custom": false,
  "text": "If this card is sent to the Graveyard for a Synchro Summon, you can add 1 \"Assault Mode Activate\" from your Deck to your hand.",
  "images": [
    "https://storage.googleapis.com/ygoprodeck.com/pics/40048324.jpg"
  ],
  "type": "Monster",
  "attribute": "FIRE",
  "atk": 1000,
  "species": "Spellcaster",
  "monster_type": "",
  "is_pendulum": false,
  "ability": "",
  "has_effect": false,
  "def": 400,
  "level": 2,
  "is_tuner": true
}