{
  "id": 5861892,
  "name": "Arcana Force EX - The Light Ruler",
  "is_illegal": false,
  "is_custom": false,
  "text": "Cannot be Normal Summoned/Set. Must be Special Summoned (from your hand) by sending 3 monsters you control to the Graveyard, and cannot be Special Summoned by other ways. When this card is Special Summoned: Toss a coin and gain the appropriate effect.\n? Heads: When this card destroys an opponent\u0027s monster by battle and sends it to the Graveyard: You can target 1 card in your Graveyard; add that target to your hand.\n? Tails: During either player\u0027s turn, when a Spell/Trap Card, or monster effect, that targets this card is activated: This card loses exactly 1000 ATK and you negate the activation, and if you do, destroy it.",
  "images": [
    "https://storage.googleapis.com/ygoprodeck.com/pics/5861892.jpg"
  ],
  "type": "Monster",
  "attribute": "LIGHT",
  "atk": 4000,
  "species": "Fairy",
  "monster_type": "",
  "is_pendulum": false,
  "ability": "",
  "has_effect": true,
  "def": 4000,
  "level": 10,
  "is_tuner": false
}