{
  "id": 34568403,
  "name": "Arcana Force VII - The Chariot",
  "is_illegal": false,
  "is_custom": false,
  "text": "When this card is Summoned, toss a coin:\n? Heads: If this card destroys an opponent\u0027s monster by battle, you can Special Summon that monster to your side of the field.\n? Tails: Your opponent gains control of this card.",
  "images": [
    "https://storage.googleapis.com/ygoprodeck.com/pics/34568403.jpg"
  ],
  "type": "Monster",
  "attribute": "LIGHT",
  "atk": 1700,
  "species": "Fairy",
  "monster_type": "",
  "is_pendulum": false,
  "ability": "",
  "has_effect": true,
  "def": 1700,
  "level": 4,
  "is_tuner": false
}