{
  "id": 61175706,
  "name": "Arcana Force IV - The Emperor",
  "is_illegal": false,
  "is_custom": false,
  "text": "When this card is Summoned, toss a coin: ? Heads: All \"Arcana Force\" monsters you control gain 500 ATK. ? Tails: All \"Arcana Force\" monsters you control lose 500 ATK.",
  "images": [
    "https://storage.googleapis.com/ygoprodeck.com/pics/61175706.jpg"
  ],
  "type": "Monster",
  "attribute": "LIGHT",
  "atk": 1400,
  "species": "Fairy",
  "monster_type": "",
  "is_pendulum": false,
  "ability": "",
  "has_effect": true,
  "def": 1400,
  "level": 4,
  "is_tuner": false
}