{
  "id": 97452817,
  "name": "Arcana Force XVIII - The Moon",
  "is_illegal": false,
  "is_custom": false,
  "text": "When this card is Summoned, toss a coin: ? Heads: During your Standby Phase, you can Special Summon 1 \"Moon Token\" (Fairy-Type/LIGHT/Level 1/ATK 0/DEF 0). ? Tails: During each of your End Phases, select 1 monster you control and give control of it to your opponent.",
  "images": [
    "https://storage.googleapis.com/ygoprodeck.com/pics/97452817.jpg"
  ],
  "type": "Monster",
  "attribute": "LIGHT",
  "atk": 2800,
  "species": "Fairy",
  "monster_type": "",
  "is_pendulum": false,
  "ability": "",
  "has_effect": true,
  "def": 2800,
  "level": 7,
  "is_tuner": false
}