{
  "id": 11819473,
  "name": "Arcana Reading",
  "is_illegal": false,
  "is_custom": false,
  "text": "Toss a coin and apply the appropriate effect, or, if \"Light Barrier\" is in your Field Zone, choose which effect to apply without tossing a coin.\n? Heads: Add 1 card that has a coin tossing effect from your Deck to your hand, except \"Arcana Reading\".\n? Tails: Your opponent adds 1 card from their Deck to their hand.\nYou can banish this card from your GY; immediately after this effect resolves, Normal Summon 1 \"Arcana Force\" monster from your hand. You can only use each effect of \"Arcana Reading\" once per turn.",
  "images": [
    "https://storage.googleapis.com/ygoprodeck.com/pics/11819473.jpg"
  ],
  "type": "Spell",
  "spell_type": "Normal"
}