{
  "id": 55001420,
  "name": "Arcane Archer of the Forest",
  "is_illegal": false,
  "is_custom": false,
  "text": "While there is a Plant-Type monster on your side of the field, this card cannot be attacked. By Tributing 1 Plant-Type monster on your side of the field, destroy 1 Spell or Trap Card on the field.",
  "images": [
    "https://storage.googleapis.com/ygoprodeck.com/pics/55001420.jpg"
  ],
  "type": "Monster",
  "attribute": "EARTH",
  "atk": 900,
  "species": "Warrior",
  "monster_type": "",
  "is_pendulum": false,
  "ability": "",
  "has_effect": true,
  "def": 1400,
  "level": 3,
  "is_tuner": false
}