{
  "id": 14553285,
  "name": "Arcanite Magician/Assault Mode",
  "is_illegal": false,
  "is_custom": false,
  "text": "This card cannot be Normal Summoned or Set. This card cannot be Special Summoned except with \"Assault Mode Activate\". When this card is Special Summoned, place 2 Spell Counters on it. This card gains 1000 ATK for each Spell Counter on it. You can remove 2 Spell Counters from this card to destroy all cards your opponent controls. When this card on the field is destroyed, you can Special Summon 1 \"Arcanite Magician\" from your Graveyard.",
  "images": [
    "https://storage.googleapis.com/ygoprodeck.com/pics/14553285.jpg"
  ],
  "type": "Monster",
  "attribute": "LIGHT",
  "atk": 900,
  "species": "Spellcaster",
  "monster_type": "",
  "is_pendulum": false,
  "ability": "",
  "has_effect": true,
  "def": 2300,
  "level": 9,
  "is_tuner": false
}