{
  "id": 97574404,
  "name": "Arcana Force VI - The Lovers",
  "is_illegal": false,
  "is_custom": false,
  "text": "When this card is Summoned, toss a coin: ? Heads: This card can be treated as 2 Tributes for the Tribute Summon of an \"Arcana Force\" monster. ? Tails: You cannot Tribute Summon \"Arcana Force\" monsters.",
  "images": [
    "https://storage.googleapis.com/ygoprodeck.com/pics/97574404.jpg"
  ],
  "type": "Monster",
  "attribute": "LIGHT",
  "atk": 1600,
  "species": "Fairy",
  "monster_type": "",
  "is_pendulum": false,
  "ability": "",
  "has_effect": true,
  "def": 1600,
  "level": 4,
  "is_tuner": false
}