{
  "id": 59509952,
  "name": "Archlord Kristya",
  "is_illegal": false,
  "is_custom": false,
  "text": "If you have exactly 4 Fairy monsters in your GY, you can Special Summon this card (from your hand). If Summoned this way: Target 1 Fairy monster in your GY; add that target to your hand. Neither player can Special Summon monsters. If this face-up card would be sent from the field to the GY, place it on top of the Deck, instead.",
  "images": [
    "https://storage.googleapis.com/ygoprodeck.com/pics/59509952.jpg"
  ],
  "type": "Monster",
  "attribute": "LIGHT",
  "atk": 2800,
  "species": "Fairy",
  "monster_type": "",
  "is_pendulum": false,
  "ability": "",
  "has_effect": true,
  "def": 2300,
  "level": 8,
  "is_tuner": false
}