{
  "id": 57624336,
  "name": "Archfiend Eccentrick",
  "is_illegal": false,
  "is_custom": false,
  "text": "You can Tribute this card, then target 1 monster on the field; destroy it. You can only use this effect of \"Archfiend Eccentrick\" once per turn.",
  "images": [
    "https://storage.googleapis.com/ygoprodeck.com/pics/57624336.jpg"
  ],
  "type": "Monster",
  "attribute": "LIGHT",
  "atk": 800,
  "species": "Fiend",
  "monster_type": "",
  "is_pendulum": true,
  "ability": "",
  "has_effect": true,
  "def": 1000,
  "level": 3,
  "is_tuner": false,
  "pendulum_text": "You can target 1 other Spell/Trap Card on the field; destroy both it and this card. You can only use this effect of \"Archfiend Eccentrick\" once per turn.\n",
  "pendulum_scale_left_blue": 7,
  "pendulum_scale_right_red": 7
}