{
  "id": 6728559,
  "name": "Archnemeses Protos",
  "is_illegal": false,
  "is_custom": false,
  "text": "Cannot be Normal Summoned/Set. Must first be Special Summoned (from your hand) by banishing 3 monsters with different Attributes from your GY and/or face-up field. Cannot be destroyed by card effects. You can declare 1 monster Attribute on the field; destroy all monsters on the field with that Attribute, also until the end of the next turn, neither player can Special Summon monsters with that Attribute. You can only use this effect of \"Archnemeses Protos\" once per turn.",
  "images": [
    "https://storage.googleapis.com/ygoprodeck.com/pics/6728559.jpg"
  ],
  "type": "Monster",
  "attribute": "DARK",
  "atk": 2500,
  "species": "Wyrm",
  "monster_type": "",
  "is_pendulum": false,
  "ability": "",
  "has_effect": true,
  "def": 3000,
  "level": 11,
  "is_tuner": false
}