{
  "id": 50287060,
  "name": "Archfiend of Gilfer",
  "is_illegal": false,
  "is_custom": false,
  "text": "When this card is sent to the Graveyard: You can target 1 face-up monster on the field; equip that target with this card. That monster loses 500 ATK while equipped with this card.",
  "images": [
    "https://storage.googleapis.com/ygoprodeck.com/pics/50287060.jpg"
  ],
  "type": "Monster",
  "attribute": "DARK",
  "atk": 2200,
  "species": "Fiend",
  "monster_type": "",
  "is_pendulum": false,
  "ability": "",
  "has_effect": true,
  "def": 2500,
  "level": 6,
  "is_tuner": false
}