{
  "id": 75889523,
  "name": "Archfiend Marmot of Nefariousness",
  "is_illegal": false,
  "is_custom": false,
  "text": "An air marmot that has a nefarious horn and wings. It attacks by throwing acorns.",
  "images": [
    "https://storage.googleapis.com/ygoprodeck.com/pics/75889523.jpg"
  ],
  "type": "Monster",
  "attribute": "EARTH",
  "atk": 400,
  "species": "Beast",
  "monster_type": "",
  "is_pendulum": false,
  "ability": "",
  "has_effect": false,
  "def": 600,
  "level": 2,
  "is_tuner": false
}