{
  "id": 95825679,
  "name": "Archfiend\u0027s Awakening",
  "is_illegal": false,
  "is_custom": false,
  "text": "You can Ritual Summon this card with \"Contract with the Abyss\". This card\u0027s name becomes \"Summoned Skull\" on the field, but is still treated as an \"Archfiend\" card. Cannot be destroyed by battle, except by battle with a Ritual Monster, and cannot be destroyed by monster effects, except those of Ritual Monsters. If this Ritual Summoned card you control is sent to your GY by an opponent\u0027s card: You can Special Summon 1 \"Summoned Skull\" from your hand, Deck, or GY.",
  "images": [
    "https://storage.googleapis.com/ygoprodeck.com/pics/95825679.jpg"
  ],
  "type": "Monster",
  "attribute": "DARK",
  "atk": 2500,
  "species": "Fiend",
  "monster_type": "Ritual",
  "is_pendulum": false,
  "ability": "",
  "has_effect": true,
  "def": 1200,
  "level": 6,
  "is_tuner": false
}