{
  "id": 31766317,
  "name": "Archfiend Empress",
  "is_illegal": false,
  "is_custom": false,
  "text": "If (exactly) 1 face-up DARK Fiend-Type monster on the field, except this card, would be destroyed, you can remove from play 1 DARK Fiend-Type monster from your Graveyard, instead. When this card is destroyed and sent from the field to the Graveyard, you can select 1 Level 6 or higher DARK Fiend-Type monster in your Graveyard, except \"Archfiend Empress\", and Special Summon it.",
  "images": [
    "https://storage.googleapis.com/ygoprodeck.com/pics/31766317.jpg"
  ],
  "type": "Monster",
  "attribute": "DARK",
  "atk": 2900,
  "species": "Fiend",
  "monster_type": "",
  "is_pendulum": false,
  "ability": "",
  "has_effect": true,
  "def": 2100,
  "level": 8,
  "is_tuner": false
}