{
  "id": 56827051,
  "name": "Ariel, Priestess of the Nekroz",
  "is_illegal": false,
  "is_custom": false,
  "text": "Once per turn: You can reveal any number of \"Nekroz\" cards in your hand; increase or reduce this card\u0027s Level by the number of revealed cards until the end of this turn. If this card is Tributed by a card effect: You can add 1 \"Nekroz\" monster from your Deck to your hand, except a Ritual Monster. You can only use this effect of \"Ariel, Priestess of the Nekroz\" once per turn.",
  "images": [
    "https://storage.googleapis.com/ygoprodeck.com/pics/56827051.jpg"
  ],
  "type": "Monster",
  "attribute": "WATER",
  "atk": 1000,
  "species": "Psychic",
  "monster_type": "",
  "is_pendulum": false,
  "ability": "",
  "has_effect": true,
  "def": 1800,
  "level": 4,
  "is_tuner": false
}