{
  "id": 29904964,
  "name": "Arisen Gaia the Fierce Knight",
  "is_illegal": false,
  "is_custom": false,
  "text": "If your opponent controls more monsters than you do, you can Normal Summon this card without Tributing. If this card is Tributed: You can Special Summon 1 \"Black Luster Soldier\" monster from your hand or Graveyard. You can only use this effect of \"Arisen Gaia the Fierce Knight\" once per turn. When you Ritual Summon a \"Black Luster Soldier\" monster, you can banish this card from your Graveyard as 1 of the monsters required for the Ritual Summon.",
  "images": [
    "https://storage.googleapis.com/ygoprodeck.com/pics/29904964.jpg"
  ],
  "type": "Monster",
  "attribute": "DARK",
  "atk": 2300,
  "species": "Warrior",
  "monster_type": "",
  "is_pendulum": false,
  "ability": "",
  "has_effect": true,
  "def": 2100,
  "level": 7,
  "is_tuner": false
}