{
  "id": 88033975,
  "name": "Armades, Keeper of Boundaries",
  "is_illegal": false,
  "is_custom": false,
  "text": "1 Tuner + 1 or more non-Tuner monsters\nIf this card attacks or is attacked, your opponent cannot activate cards or effects until the end of the Damage Step.",
  "images": [
    "https://storage.googleapis.com/ygoprodeck.com/pics/88033975.jpg"
  ],
  "type": "Monster",
  "attribute": "LIGHT",
  "atk": 2300,
  "species": "Fiend",
  "monster_type": "Synchro",
  "is_pendulum": false,
  "ability": "",
  "has_effect": true,
  "def": 1500,
  "level": 5,
  "is_tuner": false
}