{
  "id": 101103052,
  "name": "Armed Dragon Blitz",
  "is_illegal": false,
  "is_custom": false,
  "text": "Target 1 \"Armed Dragon\" monster you control; take 1 monster with the same name from your Deck or GY, and either add it to your hand or Special Summon it, ignoring its Summoning conditions, but the Special Summoned monster cannot attack directly. You can only activate 1 \"Armed Dragon Blitz\" per turn. You cannot Special Summon monsters the turn you activate this card, except Dragon monsters.",
  "images": [
    "https://storage.googleapis.com/ygoprodeck.com/pics/101103052.jpg"
  ],
  "type": "Spell",
  "spell_type": "Normal"
}