{
  "id": 9076207,
  "name": "Armed Ninja",
  "is_illegal": false,
  "is_custom": false,
  "text": "FLIP: Target 1 Spell Card on the field; destroy that target. (If the target is Set, reveal it, and destroy it if it is a Spell Card. Otherwise, return it to its original position.)",
  "images": [
    "https://storage.googleapis.com/ygoprodeck.com/pics/9076207.jpg"
  ],
  "type": "Monster",
  "attribute": "EARTH",
  "atk": 300,
  "species": "Warrior",
  "monster_type": "",
  "is_pendulum": false,
  "ability": "Flip",
  "has_effect": true,
  "def": 300,
  "level": 1,
  "is_tuner": false
}