{
  "id": 101103003,
  "name": "Armed Dragon Thunder LV5",
  "is_illegal": false,
  "is_custom": false,
  "text": "This card\u0027s name becomes \"Armed Dragon LV5\" while on the field or in the GY. You can only use each of the following effects of \"Armed Dragon Thunder LV5\" once per turn.\n? You can send 1 monster from your hand to the GY; send this card from the field to the GY, and if you do, Special Summon 1 Level 7 or lower \"Armed Dragon\" monster from your hand or Deck.\n? If this card is sent to the GY to activate a Dragon monster\u0027s effect: You can add 1 Level 5 or higher WIND Dragon monster from your Deck to your hand.",
  "images": [
    "https://storage.googleapis.com/ygoprodeck.com/pics/101103003.jpg"
  ],
  "type": "Monster",
  "attribute": "WIND",
  "atk": 2400,
  "species": "Dragon",
  "monster_type": "",
  "is_pendulum": false,
  "ability": "",
  "has_effect": true,
  "def": 1700,
  "level": 5,
  "is_tuner": false
}