{
  "id": 59464593,
  "name": "Armed Dragon LV10",
  "is_illegal": false,
  "is_custom": false,
  "text": "This card cannot be Normal Summoned or Set. This card cannot be Special Summoned except by Tributing 1 \"Armed Dragon LV7\". You can send 1 card from your hand to the Graveyard to destroy all face-up monsters your opponent controls.",
  "images": [
    "https://storage.googleapis.com/ygoprodeck.com/pics/59464593.jpg"
  ],
  "type": "Monster",
  "attribute": "WIND",
  "atk": 3000,
  "species": "Dragon",
  "monster_type": "",
  "is_pendulum": false,
  "ability": "",
  "has_effect": true,
  "def": 2000,
  "level": 10,
  "is_tuner": false
}