{
  "id": 60110982,
  "name": "Armityle the Chaos Phantasm - Phantom of Fury",
  "is_illegal": false,
  "is_custom": false,
  "text": "\"Uria, Lord of Searing Flames\" + \"Hamon, Lord of Striking Thunder\" + \"Raviel, Lord of Phantasms\"\nThis card\u0027s name becomes \"Armityle the Chaos Phantasm\" while on the field. Once per turn: You can give control of this card to your opponent. Once per turn, during the End Phase, if this card\u0027s control changed this turn: Banish all cards you control, then this card\u0027s owner can Special Summon 1 \"Armityle the Chaos Phantasm\" from their Extra Deck, ignoring its Summoning conditions.",
  "images": [
    "https://storage.googleapis.com/ygoprodeck.com/pics/60110982.jpg"
  ],
  "type": "Monster",
  "attribute": "DARK",
  "atk": 0,
  "species": "Fiend",
  "monster_type": "Fusion",
  "is_pendulum": false,
  "ability": "",
  "has_effect": true,
  "def": 0,
  "level": 12,
  "is_tuner": false
}