{
  "id": 36768783,
  "name": "Armillyre, the Starleader Dragon",
  "is_illegal": false,
  "is_custom": false,
  "text": "2 Effect Monsters\nCannot be used as Link Material. You can target 1 face-up monster this card points to; Special Summon 1 monster with the same original Level from your hand to your zone this card points to, in Defense Position, but negate its effects. You can only use this effect of \"Armillyre, the Starleader Dragon\" once per turn.",
  "images": [
    "https://storage.googleapis.com/ygoprodeck.com/pics/36768783.jpg"
  ],
  "type": "Monster",
  "attribute": "DARK",
  "atk": 1400,
  "species": "Dragon",
  "monster_type": "Link",
  "is_pendulum": false,
  "ability": "",
  "has_effect": true,
  "link_rating": 2,
  "link_arrows": 80
}