{
  "id": 29071332,
  "name": "Armory Arm",
  "is_illegal": false,
  "is_custom": false,
  "text": "1 Tuner + 1 or more non-Tuner monsters\nOnce per turn, you can either: Target 1 monster on the field; equip this card to that target, OR: Unequip this card and Special Summon it in Attack Position. While equipped by this effect, that target gains 1000 ATK. If that target destroys a monster by battle and sends it to the Graveyard: Inflict damage to your opponent equal to the ATK of the destroyed monster in the Graveyard.",
  "images": [
    "https://storage.googleapis.com/ygoprodeck.com/pics/29071332.jpg"
  ],
  "type": "Monster",
  "attribute": "LIGHT",
  "atk": 1800,
  "species": "Machine",
  "monster_type": "Synchro",
  "is_pendulum": false,
  "ability": "",
  "has_effect": true,
  "def": 1200,
  "level": 4,
  "is_tuner": false
}