{
  "id": 67159705,
  "name": "Armored Cybern",
  "is_illegal": false,
  "is_custom": false,
  "text": "Once per turn, you can either: Target 1 \"Cyber Dragon\" you control, or 1 Fusion Monster you control that lists \"Cyber Dragon\" as Fusion Material; equip this card to that target, OR: Unequip this card and Special Summon it. Once per turn, while equipped to a monster by this effect: You can target 1 face-up monster on the field; the equipped monster loses exactly 1000 ATK (even if this card leaves the field), and if it does, destroy that target. If the equipped monster would be destroyed by battle or card effect, destroy this card instead.",
  "images": [
    "https://storage.googleapis.com/ygoprodeck.com/pics/67159705.jpg"
  ],
  "type": "Monster",
  "attribute": "WIND",
  "atk": 0,
  "species": "Machine",
  "monster_type": "",
  "is_pendulum": false,
  "ability": "Union",
  "has_effect": true,
  "def": 2000,
  "level": 4,
  "is_tuner": false
}