{
  "id": 7180418,
  "name": "Armor Exe",
  "is_illegal": false,
  "is_custom": false,
  "text": "This card cannot attack in the same turn it is Normal Summoned, Flip Summoned, or Special Summoned. During each of your and your opponent\u0027s Standby Phases, remove 1 Spell Counter on your side of the field. If you do not, destroy this card.",
  "images": [
    "https://storage.googleapis.com/ygoprodeck.com/pics/7180418.jpg"
  ],
  "type": "Monster",
  "attribute": "LIGHT",
  "atk": 2400,
  "species": "Rock",
  "monster_type": "",
  "is_pendulum": false,
  "ability": "",
  "has_effect": true,
  "def": 1400,
  "level": 4,
  "is_tuner": false
}