{
  "id": 29374928,
  "name": "Armored Bitron",
  "is_illegal": false,
  "is_custom": false,
  "text": "You can Tribute this card: Special Summon 1 Cyberse monster from your Deck, except \"Armored Bitron\", but negate its effects, also you cannot Special Summon for the rest of this turn, except Cyberse monsters. If a Link-3 or higher Link Monster you control is destroyed by battle or an opponent\u0027s card effect, while this card is in your GY: You can Special Summon this card, but banish it when it leaves the field. You can only use each effect of \"Armored Bitron\" once per turn.",
  "images": [
    "https://storage.googleapis.com/ygoprodeck.com/pics/29374928.jpg"
  ],
  "type": "Monster",
  "attribute": "DARK",
  "atk": 500,
  "species": "Cyberse",
  "monster_type": "",
  "is_pendulum": false,
  "ability": "",
  "has_effect": true,
  "def": 0,
  "level": 2,
  "is_tuner": false
}